{
    "target_virtuali_visitati": 1, 
    "distanza_stimata_m": 66.04163056034261, 
    "target_reali_ordinati": [
        [
            19.449011269459362, 
            18.14860277512682
        ], 
        [
            24.350988934527706, 
            13.169576489739564
        ], 
        [
            24.798406496526937, 
            6.940591751077731
        ], 
        [
            8.318501918161678, 
            5.0053347425917964
        ], 
        [
            2.268918593161654, 
            22.076525957858703
        ]
    ], 
    "tempo_calcolo_tsp_s": 0.2628929615020752, 
    "waypoint_totali": 161, 
    "copertura_percentuale": 100.0, 
    "timestamp": "2026-06-04_15-48-05", 
    "path": [
        [
            23.0, 
            32.0, 
            0.0
        ], 
        [
            22.5, 
            31.5, 
            0.0
        ], 
        [
            22.0, 
            31.0, 
            -1.0
        ], 
        [
            21.5, 
            30.5, 
            -1.0
        ], 
        [
            21.0, 
            30.0, 
            -1.0
        ], 
        [
            20.5, 
            29.5, 
            -1.0
        ], 
        [
            20.0, 
            29.0, 
            -1.0
        ], 
        [
            19.5, 
            28.5, 
            -1.0
        ], 
        [
            19.0, 
            28.0, 
            -1.0
        ], 
        [
            19.0, 
            27.5, 
            -1.0
        ], 
        [
            19.0, 
            27.0, 
            -1.0
        ], 
        [
            19.0, 
            26.5, 
            -1.0
        ], 
        [
            19.0, 
            26.0, 
            -1.0
        ], 
        [
            19.0, 
            25.5, 
            -1.0
        ], 
        [
            19.0, 
            25.0, 
            -1.0
        ], 
        [
            19.0, 
            24.5, 
            0.0
        ], 
        [
            19.0, 
            24.0, 
            0.0
        ], 
        [
            19.0, 
            23.5, 
            0.0
        ], 
        [
            19.0, 
            23.0, 
            0.0
        ], 
        [
            19.0, 
            22.5, 
            0.0
        ], 
        [
            19.0, 
            22.0, 
            0.0
        ], 
        [
            19.0, 
            21.5, 
            -1.0
        ], 
        [
            19.0, 
            21.0, 
            -1.0
        ], 
        [
            19.0, 
            20.5, 
            -1.0
        ], 
        [
            19.0, 
            20.0, 
            -1.0
        ], 
        [
            19.0, 
            19.5, 
            -1.0
        ], 
        [
            19.0, 
            19.0, 
            -1.0
        ], 
        [
            19.0, 
            18.5, 
            -1.0
        ], 
        [
            19.449011269459362, 
            18.14860277512682, 
            3.0
        ], 
        [
            19.0, 
            18.0, 
            -1.0
        ], 
        [
            19.5, 
            17.5, 
            -1.0
        ], 
        [
            20.0, 
            17.0, 
            -1.0
        ], 
        [
            20.5, 
            16.5, 
            -1.0
        ], 
        [
            21.0, 
            16.0, 
            -1.0
        ], 
        [
            21.5, 
            15.5, 
            -1.0
        ], 
        [
            22.0, 
            15.0, 
            -1.0
        ], 
        [
            22.5, 
            14.5, 
            -1.0
        ], 
        [
            23.0, 
            14.0, 
            -1.0
        ], 
        [
            23.5, 
            13.5, 
            -1.0
        ], 
        [
            24.350988934527706, 
            13.169576489739564, 
            3.0
        ], 
        [
            24.0, 
            13.0, 
            -1.0
        ], 
        [
            24.0, 
            12.5, 
            -1.0
        ], 
        [
            24.0, 
            12.0, 
            -1.0
        ], 
        [
            24.0, 
            11.5, 
            -1.0
        ], 
        [
            24.0, 
            11.0, 
            -1.0
        ], 
        [
            24.0, 
            10.5, 
            -1.0
        ], 
        [
            24.0, 
            10.0, 
            -1.0
        ], 
        [
            24.0, 
            9.5, 
            -1.0
        ], 
        [
            24.0, 
            9.0, 
            -1.0
        ], 
        [
            24.0, 
            8.5, 
            -1.0
        ], 
        [
            24.0, 
            8.0, 
            -1.0
        ], 
        [
            24.0, 
            7.5, 
            -1.0
        ], 
        [
            24.0, 
            7.0, 
            -1.0
        ], 
        [
            24.798406496526937, 
            6.940591751077731, 
            3.0
        ], 
        [
            24.5, 
            6.5, 
            -1.0
        ], 
        [
            24.0, 
            6.5, 
            -1.0
        ], 
        [
            23.5, 
            6.5, 
            -1.0
        ], 
        [
            23.0, 
            6.5, 
            -1.0
        ], 
        [
            22.5, 
            6.5, 
            -1.0
        ], 
        [
            22.0, 
            6.5, 
            -1.0
        ], 
        [
            21.5, 
            6.5, 
            -1.0
        ], 
        [
            21.0, 
            6.5, 
            0.0
        ], 
        [
            20.5, 
            6.5, 
            0.0
        ], 
        [
            20.0, 
            6.5, 
            0.0
        ], 
        [
            19.5, 
            6.5, 
            0.0
        ], 
        [
            19.0, 
            6.5, 
            0.0
        ], 
        [
            18.5, 
            6.5, 
            0.0
        ], 
        [
            18.0, 
            6.5, 
            0.0
        ], 
        [
            17.5, 
            6.5, 
            0.0
        ], 
        [
            17.0, 
            6.5, 
            0.0
        ], 
        [
            16.5, 
            6.5, 
            0.0
        ], 
        [
            16.0, 
            6.5, 
            0.0
        ], 
        [
            15.5, 
            6.5, 
            0.0
        ], 
        [
            15.0, 
            6.5, 
            0.0
        ], 
        [
            14.5, 
            6.5, 
            0.0
        ], 
        [
            14.0, 
            6.5, 
            0.0
        ], 
        [
            13.5, 
            6.5, 
            0.0
        ], 
        [
            13.0, 
            6.5, 
            0.0
        ], 
        [
            12.5, 
            6.5, 
            -1.0
        ], 
        [
            12.0, 
            6.5, 
            -1.0
        ], 
        [
            11.5, 
            6.5, 
            -1.0
        ], 
        [
            11.0, 
            6.5, 
            -1.0
        ], 
        [
            10.5, 
            6.5, 
            -1.0
        ], 
        [
            10.0, 
            6.5, 
            -1.0
        ], 
        [
            9.5, 
            6.5, 
            -1.0
        ], 
        [
            9.0, 
            6.0, 
            -1.0
        ], 
        [
            8.5, 
            5.5, 
            -1.0
        ], 
        [
            8.318501918161678, 
            5.0053347425917964, 
            3.0
        ], 
        [
            8.0, 
            5.0, 
            -1.0
        ], 
        [
            7.5, 
            5.5, 
            -1.0
        ], 
        [
            7.0, 
            6.0, 
            -1.0
        ], 
        [
            6.5, 
            6.5, 
            -1.0
        ], 
        [
            6.0, 
            7.0, 
            -1.0
        ], 
        [
            5.5, 
            7.5, 
            -1.0
        ], 
        [
