{
    "tempo_calcolo_tsp_s": 0.0878901481628418, 
    "waypoint_totali": 93, 
    "target_ordinati": [
        [
            44.998136033336515, 
            29.999620384038163
        ], 
        [
            24.998964463278845, 
            44.910769688284944
        ], 
        [
            9.999585785028835, 
            29.999620384038163
        ]
    ], 
    "timestamp": "2026-05-25_23-09-32", 
    "area_utilizzata": "Originale", 
    "distanza_stimata_m": 61.36143571373725, 
    "path": [
        [
            34.5, 
            20.0, 
            0.0
        ], 
        [
            35.0, 
            20.5, 
            0.0
        ], 
        [
            35.5, 
            21.0, 
            0.0
        ], 
        [
            36.0, 
            21.5, 
            0.0
        ], 
        [
            36.5, 
            22.0, 
            0.0
        ], 
        [
            37.0, 
            22.5, 
            0.0
        ], 
        [
            37.5, 
            23.0, 
            0.0
        ], 
        [
            38.0, 
            23.5, 
            0.0
        ], 
        [
            38.5, 
            24.0, 
            0.0
        ], 
        [
            39.0, 
            24.5, 
            0.0
        ], 
        [
            39.5, 
            25.0, 
            0.0
        ], 
        [
            40.0, 
            25.5, 
            0.0
        ], 
        [
            40.5, 
            26.0, 
            0.0
        ], 
        [
            41.0, 
            26.5, 
            0.0
        ], 
        [
            41.5, 
            27.0, 
            0.0
        ], 
        [
            42.0, 
            27.5, 
            0.0
        ], 
        [
            42.5, 
            28.0, 
            0.0
        ], 
        [
            43.0, 
            28.5, 
            0.0
        ], 
        [
            43.5, 
            29.0, 
            0.0
        ], 
        [
            44.0, 
            29.5, 
            0.0
        ], 
        [
            44.998136033336515, 
            29.999620384038163, 
            1.0
        ], 
        [
            44.5, 
            29.5, 
            0.0
        ], 
        [
            44.0, 
            30.0, 
            0.0
        ], 
        [
            43.5, 
            30.5, 
            0.0
        ], 
        [
            43.0, 
            31.0, 
            0.0
        ], 
        [
            42.5, 
            31.5, 
            0.0
        ], 
        [
            42.0, 
            32.0, 
            0.0
        ], 
        [
            41.5, 
            32.5, 
            0.0
        ], 
        [
            41.0, 
            33.0, 
            0.0
        ], 
        [
            40.5, 
            33.5, 
            0.0
        ], 
        [
            40.0, 
            34.0, 
            0.0
        ], 
        [
            39.5, 
            34.5, 
            0.0
        ], 
        [
            39.0, 
            35.0, 
            0.0
        ], 
        [
            38.5, 
            35.5, 
            0.0
        ], 
        [
            38.0, 
            36.0, 
            0.0
        ], 
        [
            37.5, 
            36.5, 
            0.0
        ], 
        [
            37.0, 
            37.0, 
            0.0
        ], 
        [
            36.5, 
            37.5, 
            0.0
        ], 
        [
            36.0, 
            38.0, 
            0.0
        ], 
        [
            35.5, 
            38.5, 
            0.0
        ], 
        [
            35.0, 
            39.0, 
            0.0
        ], 
        [
            34.5, 
            39.5, 
            0.0
        ], 
        [
            34.0, 
            39.5, 
            0.0
        ], 
        [
            33.5, 
            39.5, 
            0.0
        ], 
        [
            33.0, 
            39.5, 
            0.0
        ], 
        [
            32.5, 
            39.5, 
            0.0
        ], 
        [
            32.0, 
            39.5, 
            0.0
        ], 
        [
            31.5, 
            39.5, 
            0.0
        ], 
        [
            31.0, 
            39.5, 
            0.0
        ], 
        [
            30.5, 
            39.5, 
            0.0
        ], 
        [
            30.0, 
            39.5, 
            0.0
        ], 
        [
            29.5, 
            39.5, 
            0.0
        ], 
        [
            29.0, 
            40.0, 
            0.0
        ], 
        [
            28.5, 
            40.5, 
            0.0
        ], 
        [
            28.0, 
            41.0, 
            0.0
        ], 
        [
            27.5, 
            41.5, 
            0.0
        ], 
        [
            27.0, 
            42.0, 
            0.0
        ], 
        [
            26.5, 
            42.5, 
            0.0
        ], 
        [
            26.0, 
            43.0, 
            0.0
        ], 
        [
            25.5, 
            43.5, 
            0.0
        ], 
        [
            25.0, 
            44.0, 
            0.0
        ], 
        [
            24.998964463278845, 
            44.910769688284944, 
            1.0
        ], 
        [
            24.5, 
            44.5, 
            0.0
        ], 
        [
            24.0, 
            44.0, 
            0.0
        ], 
        [
            23.5, 
            43.5, 
            0.0
        ], 
        [
            23.0, 
            43.0, 
            0.0
        ], 
        [
            22.5, 
            42.5, 
            0.0
        ], 
        [
            22.0, 
            42.0, 
            0.0
        ], 
        [
            21.5, 
            41.5, 
            0.0
        ], 
        [
            21.0, 
            41.0, 
            0.0
        ], 
        [
            20.5, 
            40.5, 
            0.0
        ], 
        [
            20.0, 
            40.0, 
            0.0
        ], 
        [
            19.5, 
            39.5, 
            0.0
        ], 
        [
            19.0, 
            39.0, 
            0.0
        ], 
        [
            18.5, 
            38.5, 
            0.0
        ], 
        [
            18.0, 
            38.0, 
            0.0
        ], 
        [
            17.5, 
            37.5, 
            0.0
        ], 
        [
            17.0, 
            37.0, 
            0.0
        ], 
        [
            16.5, 
            36.5, 
            0.0
        ], 
        [
            16.0, 
            36.0, 
            0.0
        ], 
        [
            15.5, 
            35.5, 
            0.0
        ], 
        [
            15.0, 
            35.0, 
            0.0
        ], 
        [
            14.5, 
            34.5, 
            0.0
        ], 
        [
            14.0, 
            34.0, 
            0.0
        ], 
        [
            13.5, 
            33.5, 
            0.0
        ], 
        [
            13.0, 
            33.0, 
            0.0
        ], 
        [
            12.5, 
            32.5, 
            0.0
        ], 
        [
            12.0, 
            32.0, 
            0.0
        ], 
        [
            11.5, 
            31.5, 
            0.0
        ], 
        [
            11.0, 
            31.0, 
            0.0
        ], 
        [
            10.5, 
            30.5, 
            0.0
        ], 
        [
            10.0, 
            30.0, 
            0.0
        ], 
        [
            9.999585785028835, 
            29.999620384038163, 
            1.0
        ]
    ]
}